ServerName,IP,Timestamp,cpuid,cpu_pct_utilization,memid,mem_pct_utilization
OU1windows1,OU1windows1,14-11-2020 00:00,CPU,24,MEM,59
OU1windows1,OU1windows1,15-11-2020 00:00,CPU,25,MEM,58
OU1windows1,OU1windows1,16-11-2020 00:00,CPU,27,MEM,58
OU1windows1,OU1windows1,17-11-2020 00:00,CPU,26,MEM,60
OU1windows1,OU1windows1,18-11-2020 00:00,CPU,25,MEM,59
OU1windows1,OU1windows1,19-11-2020 00:00,CPU,25,MEM,61
OU1windows1,OU1windows1,20-11-2020 00:00,CPU,24,MEM,60
OU1windows1,OU1windows1,21-11-2020 00:00,CPU,26,MEM,59
OU1windows1,OU1windows1,22-11-2020 00:00,CPU,24,MEM,59
OU1windows1,OU1windows1,23-11-2020 00:00,CPU,24,MEM,58
OU1windows1,OU1windows1,24-11-2020 00:00,CPU,25,MEM,62
OU1windows1,OU1windows1,25-11-2020 00:00,CPU,24,MEM,60
OU1windows1,OU1windows1,26-11-2020 00:00,CPU,25,MEM,60
OU1windows1,OU1windows1,27-11-2020 00:00,CPU,26,MEM,59
OU1windows1,OU1windows1,28-11-2020 00:00,CPU,24,MEM,61
OU1windows1,OU1windows1,29-11-2020 00:00,CPU,25,MEM,25
OU1windows1,OU1windows1,30-11-2020 00:00,CPU,26,MEM,60
OU1windows1,OU1windows1,01-12-2020 00:00,CPU,24,MEM,59
OU1windows1,OU1windows1,02-12-2020 00:00,CPU,25,MEM,59
OU1windows1,OU1windows1,03-12-2020 00:00,CPU,25,MEM,60
OU1windows1,OU1windows1,04-12-2020 00:00,CPU,25,MEM,60
OU1windows1,OU1windows1,05-12-2020 00:00,CPU,37,MEM,59
OU1windows1,OU1windows1,06-12-2020 00:00,CPU,34,MEM,61
OU1windows1,OU1windows1,07-12-2020 00:00,CPU,35,MEM,61
OU1windows1,OU1windows1,08-12-2020 00:00,CPU,36,MEM,60
OU1windows1,OU1windows1,09-12-2020 00:00,CPU,37,MEM,62
OU1windows1,OU1windows1,10-12-2020 00:00,CPU,36,MEM,61
OU1windows1,OU1windows1,11-12-2020 00:00,CPU,38,MEM,62
OU1windows1,OU1windows1,12-12-2020 00:00,CPU,35,MEM,62
OU1windows1,OU1windows1,13-12-2020 00:00,CPU,36,MEM,62
OU1windows1,OU1windows1,14-12-2020 00:00,CPU,36,MEM,78
OU1windows1,OU1windows1,15-12-2020 00:00,CPU,35,MEM,62
OU1windows1,OU1windows1,16-12-2020 00:00,CPU,37,MEM,62
OU1windows1,OU1windows1,17-12-2020 00:00,CPU,38,MEM,61
OU1windows1,OU1windows1,18-12-2020 00:00,CPU,36,MEM,81
OU1windows1,OU1windows1,19-12-2020 00:00,CPU,39,MEM,59
OU1windows1,OU1windows1,20-12-2020 00:00,CPU,38,MEM,58
OU1windows1,OU1windows1,21-12-2020 00:00,CPU,21,MEM,79
OU1windows1,OU1windows1,22-12-2020 00:00,CPU,22,MEM,60
OU1windows1,OU1windows1,23-12-2020 00:00,CPU,22,MEM,62
OU1windows1,OU1windows1,24-12-2020 00:00,CPU,21,MEM,61
OU1windows1,OU1windows1,25-12-2020 00:00,CPU,23,MEM,82
OU1windows1,OU1windows1,26-12-2020 00:00,CPU,10,MEM,57
OU1windows1,OU1windows1,27-12-2020 00:00,CPU,11,MEM,57
OU1windows1,OU1windows1,28-12-2020 00:00,CPU,22,MEM,81
OU1windows1,OU1windows1,29-12-2020 00:00,CPU,23,MEM,65
OU1windows1,OU1windows1,30-12-2020 00:00,CPU,23,MEM,64
OU1windows1,OU1windows1,31-12-2020 00:00,CPU,92,MEM,65
OU1windows1,OU1windows1,01-01-2021 00:00,CPU,23,MEM,83
OU1windows1,OU1windows1,02-01-2021 00:00,CPU,11,MEM,59
OU1windows1,OU1windows1,03-01-2021 00:00,CPU,11,MEM,60
OU1windows1,OU1windows1,04-01-2021 00:00,CPU,23,MEM,80
OU1windows1,OU1windows1,05-01-2021 00:00,CPU,24,MEM,65
OU1windows1,OU1windows1,06-01-2021 00:00,CPU,23,MEM,65
OU1windows1,OU1windows1,07-01-2021 00:00,CPU,24,MEM,63
OU1windows1,OU1windows1,08-01-2021 00:00,CPU,24,MEM,82
OU1windows1,OU1windows1,09-01-2021 00:00,CPU,13,MEM,60
OU1windows1,OU1windows1,10-01-2021 00:00,CPU,12,MEM,59
OU1windows1,OU1windows1,11-01-2021 00:00,CPU,24,MEM,77
OU1windows1,OU1windows1,12-01-2021 00:00,CPU,25,MEM,72
OU1windows1,OU1windows1,13-01-2021 00:00,CPU,26,MEM,70
OU1windows1,OU1windows1,14-01-2021 00:00,CPU,25,MEM,66
OU1windows1,OU1windows1,15-01-2021 00:00,CPU,26,MEM,82
OU1windows1,OU1windows1,16-01-2021 00:00,CPU,13,MEM,61
OU1windows1,OU1windows1,17-01-2021 00:00,CPU,14,MEM,59
OU1windows1,OU1windows1,18-01-2021 00:00,CPU,27,MEM,83
OU1windows1,OU1windows1,19-01-2021 00:00,CPU,94,MEM,58
OU1windows1,OU1windows1,20-01-2021 00:00,CPU,24,MEM,59
OU1windows1,OU1windows1,21-01-2021 00:00,CPU,26,MEM,58
OU1windows1,OU1windows1,22-01-2021 00:00,CPU,27,MEM,82
OU1windows1,OU1windows1,23-01-2021 00:00,CPU,16,MEM,55
OU1windows1,OU1windows1,24-01-2021 00:00,CPU,15,MEM,57
OU1windows1,OU1windows1,25-01-2021 00:00,CPU,26,MEM,78
OU1windows1,OU1windows1,26-01-2021 00:00,CPU,26,MEM,71
OU1windows1,OU1windows1,27-01-2021 00:00,CPU,27,MEM,66
OU1windows1,OU1windows1,28-01-2021 00:00,CPU,27,MEM,73
OU1windows1,OU1windows1,29-01-2021 00:00,CPU,28,MEM,81
OU1windows1,OU1windows1,30-01-2021 00:00,CPU,17,MEM,57
OU1windows1,OU1windows1,31-01-2021 00:00,CPU,18,MEM,55
OU1windows1,OU1windows1,01-02-2021 00:00,CPU,29,MEM,84
OU1windows1,OU1windows1,02-02-2021 00:00,CPU,28,MEM,69
OU1windows1,OU1windows1,03-02-2021 00:00,CPU,28,MEM,68
OU1windows1,OU1windows1,04-02-2021 00:00,CPU,29,MEM,71
OU1windows1,OU1windows1,05-02-2021 00:00,CPU,30,MEM,78
OU1windows1,OU1windows1,06-02-2021 00:00,CPU,22,MEM,57
OU1windows1,OU1windows1,07-02-2021 00:00,CPU,21,MEM,58
OU1windows1,OU1windows1,08-02-2021 00:00,CPU,34,MEM,82
OU1windows1,OU1windows1,09-02-2021 00:00,CPU,35,MEM,66
OU1windows1,OU1windows1,10-02-2021 00:00,CPU,34,MEM,66
OU1windows1,OU1windows1,11-02-2021 00:00,CPU,36,MEM,65
