alert_id,ci_name,alert_create_time,issue_name,Severity,Priority,resolverName,ResolvedTime,SLA met
OU120102600001,OU1windows1,17-02-2020 00:02,High CPU utilization on OU1windows1. Utilization is 86 %.,High,High,Vipul Trivedi,,
OU120102600002,OU1IIS1,17-02-2020 00:03,High response time on application URL http://myapp.OU1vdemo1.digitate.com/OU1vdemo1App,High,High,Bhargav Sharma,,
OU120102600003,OU1windows1,17-02-2020 03:02,High CPU utilization on OU1windows1. Utilization is 92 %.,High,High,Girish Goel,,
OU120102600004,OU1IIS1,17-02-2020 03:03,High response time on application URL http://myapp.OU1vdemo1.digitate.com/OU1vdemo1App,High,High,Komal Kochar,,
OU120102600005,OU1windows1,17-02-2020 06:02,High CPU utilization on OU1windows1. Utilization is 87 %.,High,High,Suresh Satu,,
OU120102600006,OU1IIS1,17-02-2020 06:03,High response time on application URL http://myapp.OU1vdemo1.digitate.com/OU1vdemo1App,High,High,Bhargav Sharma,,
OU120102600007,OU1windows2,17-02-2020 00:00,High CPU utilization on OU1windows2. Utilization is 95 %,Medium,Medium,Girish Goel,,
OU120102600008,OU1windows2,17-02-2020 00:05,Server OU1windows2 is not reachable,Medium,Medium,Girish Goel,,
OU120102600009,OU1IIS2,17-02-2020 00:06,IIS server OU1IIS2 is down,Medium,Medium,Girish Goel,,
OU120102600010,OU1windows1,17-02-2020 00:02,High CPU utilization on OU1windows1. Utilization is 88 %.,High,High,Vipul Trivedi,,
OU120102600011,OU1IIS1,17-02-2020 09:03,High response time on application URL http://myapp.OU1vdemo1.digitate.com/OU1vdemo1App,High,High,Bhargav Sharma,,
OU120102600012,OU1windows1,17-02-2020 12:02,High CPU utilization on OU1windows1. Utilization is 91 %.,High,High,Suresh Satu,,
OU120102600013,OU1IIS1,17-02-2020 12:03,High response time on application URL http://myapp.OU1vdemo1.digitate.com/OU1vdemo1App,High,High,Komal Kochar,,
OU120102600014,OU1windows1,17-02-2020 15:02,High CPU utilization on OU1windows1. Utilization is 92 %.,High,High,Vipul Trivedi,,
OU120102600015,OU1IIS1,17-02-2020 15:03,High response time on application URL http://myapp.OU1vdemo1.digitate.com/OU1vdemo1App,High,High,Bhargav Sharma,,
OU120102600016,OU1windows1,17-02-2020 18:02,High CPU utilization on OU1windows1. Utilization is 86 %.,High,High,Vipul Trivedi,,
OU120102600017,OU1IIS1,17-02-2020 18:03,High response time on application URL http://myapp.OU1vdemo1.digitate.com/OU1vdemo1App,High,High,Naresh Nipunje ,,
OU120102600018,OU1windows1,17-02-2020 21:02,High CPU utilization on OU1windows1. Utilization is 88 %.,High,High,Girish Goel,,
OU120102600019,OU1IIS1,17-02-2020 21:03,High response time on application URL http://myapp.OU1vdemo1.digitate.com/OU1vdemo1App,High,High,Bhargav Sharma,,
OU120102600020,OU1windows1,18-02-2020 00:02,High CPU utilization on OU1windows1. Utilization is 87 %.,High,High,Vipul Trivedi,,
OU120102600021,OU1IIS1,18-02-2020 00:03,High response time on application URL http://myapp.OU1vdemo1.digitate.com/OU1vdemo1App,High,High,Komal Kochar,,
OU120102600022,OU1windows1,18-02-2020 03:02,High CPU utilization on OU1windows1. Utilization is 86 %.,High,High,Suresh Satu,,
OU120102600023,OU1IIS1,18-02-2020 03:03,High response time on application URL http://myapp.OU1vdemo1.digitate.com/OU1vdemo1App,High,High,Bhargav Sharma,,
OU120102600024,OU1windows1,18-02-2020 06:02,High CPU utilization on OU1windows1. Utilization is 92 %.,High,High,Vipul Trivedi,,
OU120102600025,OU1IIS1,18-02-2020 06:03,High response time on application URL http://myapp.OU1vdemo1.digitate.com/OU1vdemo1App,High,High,Komal Kochar,,
OU120102600026,OU1windows1,18-02-2020 09:02,High CPU utilization on OU1windows1. Utilization is 93 %.,High,High,Suresh Satu,,
OU120102600027,OU1IIS1,18-02-2020 09:03,High response time on application URL http://myapp.OU1vdemo1.digitate.com/OU1vdemo1App,High,High,Komal Kochar,,
OU120102600028,OU1windows1,18-02-2020 12:02,High CPU utilization on OU1windows1. Utilization is 90 %.,High,High,Girish Goel,,
OU120102600029,OU1IIS1,18-02-2020 12:03,High response time on application URL http://myapp.OU1vdemo1.digitate.com/OU1vdemo1App,High,High,Bhargav Sharma,,
OU120102600030,OU1windows1,18-02-2020 15:02,High CPU utilization on OU1windows1. Utilization is 86 %.,High,High,Vipul Trivedi,,
OU120102600031,OU1IIS1,18-02-2020 15:03,High response time on application URL http://myapp.OU1vdemo1.digitate.com/OU1vdemo1App,High,High,Bhargav Sharma,,
OU120102600032,OU1windows1,18-02-2020 18:02,High CPU utilization on OU1windows1. Utilization is 88 %.,High,High,Vipul Trivedi,,
OU120102600033,OU1IIS1,18-02-2020 18:03,High response time on application URL http://myapp.OU1vdemo1.digitate.com/OU1vdemo1App,High,High,Naresh Nipunje ,,
OU120102600034,OU1windows1,18-02-2020 21:02,High CPU utilization on OU1windows1. Utilization is 86 %.,High,High,Suresh Satu,,
OU120102600035,OU1IIS1,18-02-2020 21:03,High response time on application URL http://myapp.OU1vdemo1.digitate.com/OU1vdemo1App,High,High,Komal Kochar,,
OU120102600036,OU1windows1,19-02-2020 00:02,High CPU utilization on OU1windows1. Utilization is 87 %.,High,High,Vipul Trivedi,,
OU120102600037,OU1IIS1,19-02-2020 00:03,High response time on application URL http://myapp.OU1vdemo1.digitate.com/OU1vdemo1App,High,High,Naresh Nipunje ,,
OU120102600038,OU1windows1,19-02-2020 03:02,High CPU utilization on OU1windows1. Utilization is 89 %.,High,High,Suresh Satu,,
OU120102600039,OU1IIS1,19-02-2020 03:03,High response time on application URL http://myapp.OU1vdemo1.digitate.com/OU1vdemo1App,High,High,Bhargav Sharma,,
OU120102600040,OU1windows1,19-02-2020 06:02,High CPU utilization on OU1windows1. Utilization is 91 %.,High,High,Suresh Satu,,
OU120102600041,OU1IIS1,19-02-2020 06:03,High response time on application URL http://myapp.OU1vdemo1.digitate.com/OU1vdemo1App,High,High,Komal Kochar,,
OU120102600042,OU1windows1,19-02-2020 09:02,High CPU utilization on OU1windows1. Utilization is 90 %.,High,High,Vipul Trivedi,,
OU120102600043,OU1IIS1,19-02-2020 09:03,High response time on application URL http://myapp.OU1vdemo1.digitate.com/OU1vdemo1App,High,High,Bhargav Sharma,,
OU120102600044,OU1windows1,19-02-2020 12:02,High CPU utilization on OU1windows1. Utilization is 86 %.,High,High,Vipul Trivedi,,
OU120102600045,OU1IIS1,19-02-2020 12:03,High response time on application URL http://myapp.OU1vdemo1.digitate.com/OU1vdemo1App,High,High,Bhargav Sharma,,
OU120102600046,OU1windows2,24-02-2020 00:00,High CPU utilization on OU1windows2. Utilization is 94 %,Medium,Medium,Girish Goel,,
OU120102600047,OU1windows2,24-02-2020 00:05,Server OU1windows2 is not reachable,Medium,Medium,Girish Goel,,
OU120102600048,OU1IIS2,24-02-2020 00:06,IIS server OU1IIS2 is down,Medium,Medium,Girish Goel,,
OU120102600049,OU1windows2,02-03-2020 00:00,High CPU utilization on OU1windows2. Utilization is 91 %,Medium,Medium,Girish Goel,,
OU120102600050,OU1windows2,02-03-2020 00:05,Server OU1windows2 is not reachable,Medium,Medium,Girish Goel,,
OU120102600051,OU1IIS2,02-03-2020 00:06,IIS server OU1IIS2 is down,Medium,Medium,Girish Goel,,
OU120102600052,OU1windows2,09-03-2020 00:00,High CPU utilization on OU1windows2. Utilization is 93 %,Medium,Medium,Girish Goel,,
OU120102600053,OU1windows2,09-03-2020 00:05,Server OU1windows2 is not reachable,Medium,Medium,Girish Goel,,
OU120102600054,OU1IIS2,09-03-2020 00:06,IIS server OU1IIS2 is down,Medium,Medium,Girish Goel,,
OU120102600055,OU1windows2,16-03-2020 00:00,High CPU utilization on OU1windows2. Utilization is 90 %,Medium,Medium,Girish Goel,,
OU120102600056,OU1windows2,16-03-2020 00:05,Server OU1windows2 is not reachable,Medium,Medium,Girish Goel,,
OU120102600057,OU1IIS2,16-03-2020 00:06,IIS server OU1IIS2 is down,Medium,Medium,Girish Goel,,
OU120102600058,OU1windows2,23-03-2020 00:00,High CPU utilization on OU1windows2. Utilization is 92 %,Medium,Medium,Girish Goel,,
OU120102600059,OU1windows2,23-03-2020 00:05,Server OU1windows2 is not reachable,Medium,Medium,Girish Goel,,
OU120102600060,OU1IIS2,23-03-2020 00:06,IIS server OU1IIS2 is down,Medium,Medium,Girish Goel,,
